name,F_seq,R_seq,R_seq_rc,F_Tm,R_Tm,Tm_avg,F_Dg,R_Dg,Dg_avg,contaminant_binding
set1,GGGTGAGAAATGGCGCTT,ATTGCGCCGTAACCGACT,AGTCGGTTACGGCGCAAT,58.48,60.22,59.349999999999994,-20.23,-21.12,-20.675,0
set2,AAAGGCGCACCAGACAGT,TCAGCCTCGTAGTCGCAA,TTGCGACTACGAGGCTGA,59.99,58.81,59.400000000000006,-20.81,-20.47,-20.64,0
set3,TCAAGCCTGGTTGCACCT,ACCGCGCATGATAGCAGA,TCTGCTATCATGCGCGGT,59.58,59.68,59.629999999999995,-20.48,-20.86,-20.67,0
set4,TTTGGTCCGCTCGCAACT,AGCGCGGCAGGAATACTT,AAGTATTCCTGCCGCGCT,60.38,59.91,60.144999999999996,-21.09,-20.85,-20.97,0
set5,TGCCACAGCCACCCAAAA,TCCAAAACGCACGGTTGC,GCAACCGTGCGTTTTGGA,60.55,60.07,60.31,-20.88,-21.16,-21.02,0
set6,GCAAGGTTGCGGGCTTTT,AATAACGGGCGCGATGCT,AGCATCGCGCCCGTTATT,60.07,60.69,60.379999999999995,-20.95,-21.32,-21.134999999999998,0
set7,AAACGGGACCAGTGCGTT,TGAGTGGCGCGTTAACGT,ACGTTAACGCGCCACTCA,60.31,60.46,60.385000000000005,-20.99,-21.33,-21.159999999999997,0
set8,ATGCAATGCGCTCCACCA,AGCAACGCGAGGGCATAT,ATATGCCCTCGCGTTGCT,60.86,59.99,60.425,-21.24,-20.9,-21.07,0
set9,ACCACATGGGCGCAAGTT,TGCCGACCTTGTGTGCTT,AAGCACACAAGGTCGGCA,60.71,60.31,60.510000000000005,-21.09,-20.99,-21.04,0
