accession;pop_id;primer_index;total_fragments;chiseled_seq
HBG_GGGATAAT.1;HBG_GGGATAAT.1.1_L0_1;1_A01_set1;5;AATGCGTCTCAAATGCGAAATTAATACGACTCACTATAGGGATAATACAACGGTTTCCCTCTACAAATAATTTTGTTTAACTTTAAGAAGGAGATATACATATGGCATCATACCCTTGTCACCAGCACGCATCTGCCTTCGATCAGGCCGCCCGCTCACGCGGCCACTCAAACCGTCGCACAGCCCTTCGCCCGCGCCGTCAACAGGAGGCTACTGAGGTTCGCCTTGAGCAAAAGATGCCCACGCTTCTTCGCGTATACATTGATGGACCGCATGGGATGGGGAAAACGACGACGACTCAACTTCTGGTAGCCCTTGGAAGCCGTGATGATATCGTTTATGTCCCTGAACCGTTGACGTATTGGCAAGTATTAGGGGCAAGTGAAACCATTGCCAACATTTACACCACGCAGCATCGTTTAGACCAGGGGGAAATCTCTGCAGGTGATGCTGCCGTTGTGATGACTAGCGCCCAGATCACCATGGGAATGCCGTACGCGGTGACTGACGCGGTTTTGGCCCCCCATATCGGGGGTGAGGCTGGCTCATCCCATGCTCCCCCTCCCGCGCTGACCTTGATCTTTGATCGCCACCCAATCGCCGCACTGCTTTGCTACCCCGCGGCGCGTTACCTGATGGGATCTATGACTCCACAAGCGGTACTTGCGTTTGTCGCGCTTATCCCCCCTACCCTGCCGGGGACGAACATTGTCTTGGGAGCTCTTCCGGAAGATCGTCATATCGATCGCCTTGCAAAACGTCAACGTCCAGGAGAACGCCTTGATCTGGCTATGTTGGCGGCGATTCGCCGTAGAGACGGCTT
HBG_GGGATAAT.1;HBG_GGGATAAT.1.1_L0_2;1_A02_set2;5;AATGCGTCTCACCGTGTATATGGGTTACTTGCTAACACCGTCCGTTACTTGCAGGGTGGAGGGAGTTGGCGTGAGGATTGGGGCCAACTTTCCGGCACCGCAGTACCGCCACAAGGTGCTGAACCGCAGTCCAATGCCGGTCCACGTCCCCACATCGGTGATACTTTATTCACGTTGTTCCGTGCGCCCGAGCTTTTGGCGCCAAATGGAGATCTTTATAACGTGTTCGCCTGGGCGTTAGACGTCTTGGCGAAACGCCTTCGTCCCATGCATGTTTTCATCTTAGATTATGACCAGAGCCCTGCTGGATGTCGTGACGCACTGCTGCAACTTACATCGGGTATGGTACAGACACATGTCACAACCCCAGGTAGTATCCCCACCATTTGTGATTTGGCGCGTACCTTTGCGCGTGAAATGGGGGAGGCAAATTGAGAATTTGTTTAACTTTAAGAAGGAGATATACATATGGCCAAACTTACAAGTGCAGTTCCGGTCTTGACAGCCCGCGATGTCGCGGGGGCGGTAGAGTTTTGGACTGACCGTTTAGGGTTTTCTCGCGACTTCGTCGAGGATGACTTCGCGGGTGTCGTTCGCGATGATGTCACTCTTTTCATCAGTGCTGTACAGGATCAGGTAGTACCGGATAACACACTGGCCTGGGTATGGGTCCGTGGGTTGGATGAGCTTTATGCCGAGTGGTCAGAAGTAGTTTCAACGAACTTTCGTGATGCAAGTGGTCCGGCAATGACGGAGATTGGGGAGCAGCCTTGGGGTCGTGAATTTGCGCTGCGCGACCCGGCTGGTAATTGCGTCCATTTCGAGAGACGGCTT
HBG_GGGATAAT.1;HBG_GGGATAAT.1.1_L0_3;1_A03_set3;5;AATGCGTCTCATTCGTGGCGGAAGAACAGGATTGAGAATTTGTTTAACTTTAAGAAGGAGATATACATATGCGTAAAGGCGAAGAGCTGTTCACTGGTGTCGTCCCTATTCTGGTGGAACTGGATGGTGATGTCAACGGTCATAAGTTTTCCGTGCGTGGCGAGGGTGAAGGTGACGCAACTAATGGTAAACTGACGCTGAAGTTCATCTGTACTACTGGTAAACTGCCAGTACCTTGGCCGACTCTGGTAACGACGCTGACTTATGGTGTTCAGTGCTTTGCTCGTTATCCGGACCACATGAAGCAGCATGACTTCTTCAAGTCCGCCATGCCGGAAGGCTATGTGCAGGAACGCACGATTTCATTTAAGGATGACGGCACGTACAAAACGCGTGCGGAAGTGAAATTTGAAGGCGATACCCTGGTAAACCGCATTGAGCTGAAAGGCATTGACTTTAAAGAAGACGGCAATATCCTGGGCCATAAGCTGGAATACAATTTTAACAGCCACAATGTTTACATCACCGCCGATAAACAAAAAAATGGCATTAAAGCGAATTTCAAAATTCGCCACAACGTGGAGGATGGCAGCGTGCAGCTGGCTGATCACTACCAGCAAAACACTCCAATCGGTGATGGTCCTGTTCTGCTGCCAGACAATCACTATCTGAGCACGCAAAGCGTTCTGTCTAAAGATCCGAACGAGAAACGCGATCACATGGTTCTGCTGGAGTTCGTAACCGCAGCGGGCATCACGCACGGTATGGATGAACTGTACAAATGAGAACTCTTGTTCAGAACGCTCGGTGCTTAGAGACGGCTT
HBG_GGGATAAT.1;HBG_GGGATAAT.1.2_L0_1;1_A04_set4;5;AATGCGTCTCAAATGCGAAATTAATACGACTCACTATAGGGATAATACAACGGTTTCCCTCTACAAATAATTTTGTTTAACTTTAAGAAGGAGATATACATATGGCATCATACCCTTGTCACCAGCACGCATCTGCCTTCGATCAGGCCGCCCGCTCACGCGGCCACTCAAACCGTCGCACAGCCCTTCGCCCGCGCCGTCAACAGGAGGCTACTGAGGTTCGCCTTGAGCAAAAGATGCCCACGCTTCTTCGCGTATACATTGATGGACCGCATGGGATGGGGAAAACGACGACGACTCAACTTCTGGTAGCCCTTGGAAGCCGTGATGATATCGTTTATGTCCCTGAACCGTTGACGTATTGGCAAGTATTAGGGGCAAGTGAAACCATTGCCAACATTTACACCACGCAGCATCGTTTAGACCAGGGGGAAATCTCTGCAGGTGATGCTGCCGTTGTGATGACTAGCGCCCAGATCACCATGGGAATGCCGTACGCGGTGACTGACGCGGTTTTGGCCCCCCATATCGGGGGTGAGGCTGGCTCATCCCATGCTCCCCCTCCCGCGCTGACCTTGATCTTTGATCGCCACCCAATCGCCGCACTGCTTTGCTACCCCGCGGCGCGTTACCTGATGGGATCTATGACTCCACAAGCGGTACTTGCGTTTGTCGCGCTTATCCCCCCTACCCTGCCGGGGACGAACATTGTCTTGGGAGCTCTTCCGGAAGATCGTCATATCGATCGCCTTGCAAAACGTCAACGTCCAGGAGAACGCCTTGATCTGGCTATGTTGGCGGCGATTCGCCGTAGAGACGGCTT
HBG_GGGATAAT.1;HBG_GGGATAAT.1.2_L0_2;1_A05_set5;5;AATGCGTCTCACCGTGTATATGGGTTACTTGCTAACACCGTCCGTTACTTGCAGGGTGGAGGGAGTTGGCGTGAGGATTGGGGCCAACTTTCCGGCACCGCAGTACCGCCACAAGGTGCTGAACCGCAGTCCAATGCCGGTCCACGTCCCCACATCGGTGATACTTTATTCACGTTGTTCCGTGCGCCCGAGCTTTTGGCGCCAAATGGAGATCTTTATAACGTGTTCGCCTGGGCGTTAGACGTCTTGGCGAAACGCCTTCGTCCCATGCATGTTTTCATCTTAGATTATGACCAGAGCCCTGCTGGATGTCGTGACGCACTGCTGCAACTTACATCGGGTATGGTACAGACACATGTCACAACCCCAGGTAGTATCCCCACCATTTGTGATTTGGCGCGTACCTTTGCGCGTGAAATGGGGGAGGCAAATTGAGAATTTGTTTAACTTTAAGAAGGAGATATACATATGGCCAAACTTACAAGTGCAGTTCCGGTCTTGACAGCCCGCGATGTCGCGGGGGCGGTAGAGTTTTGGACTGACCGTTTAGGGTTTTCTCGCGACTTCGTCGAGGATGACTTCGCGGGTGTCGTTCGCGATGATGTCACTCTTTTCATCAGTGCTGTACAGGATCAGGTAGTACCGGATAACACACTGGCCTGGGTATGGGTCCGTGGGTTGGATGAGCTTTATGCCGAGTGGTCAGAAGTAGTTTCAACGAACTTTCGTGATGCAAGTGGTCCGGCAATGACGGAGATTGGGGAGCAGCCTTGGGGTCGTGAATTTGCGCTGCGCGACCCGGCTGGTAATTGCGTCCATTTCGAGAGACGGCTT
HBG_GGGATAAT.1;HBG_GGGATAAT.1.2_L0_3;1_A06_set6;5;AATGCGTCTCATTCGTGGCGGAAGAACAGGATTGAGAATTTGTTTAACTTTAAGAAGGAGATATACATATGCGTAAAGGCGAAGAGCTGTTCACTGGTGTCGTCCCTATTCTGGTGGAACTGGATGGTGATGTCAACGGTCATAAGTTTTCCGTGCGTGGCGAGGGTGAAGGTGACGCAACTAATGGTAAACTGACGCTGAAGTTCATCTGTACTACTGGTAAACTGCCAGTACCTTGGCCGACTCTGGTAACGACGCTGACTTATGGTGTTCAGTGCTTTGCTCGTTATCCGGACCACATGAAGCAGCATGACTTCTTCAAGTCCGCCATGCCGGAAGGCTATGTGCAGGAACGCACGATTTCATTTAAGGATGACGGCACGTACAAAACGCGTGCGGAAGTGAAATTTGAAGGCGATACCCTGGTAAACCGCATTGAGCTGAAAGGCATTGACTTTAAAGAAGACGGCAATATCCTGGGCCATAAGCTGGAATACAATTTTAACAGCCACAATGTTTACATCACCGCCGATAAACAAAAAAATGGCATTAAAGCGAATTTCAAAATTCGCCACAACGTGGAGGATGGCAGCGTGCAGCTGGCTGATCACTACCAGCAAAACACTCCAATCGGTGATGGTCCTGTTCTGCTGCCAGACAATCACTATCTGAGCACGCAAAGCGTTCTGTCTAAAGATCCGAACGAGAAACGCGATCACATGGTTCTGCTGGAGTTCGTAACCGCAGCGGGCATCACGCACGGTATGGATGAACTGTACAAATGAGAACTCTTGTTCAGAACGCTCGGTGCTTAGAGACGGCTT
HBG_GGGATAAT.1;HBG_GGGATAAT.1.3_L0_1;1_A07_set8;5;AATGCGTCTCAAATGCGAAATTAATACGACTCACTATAGGGATAATACAACGGTTTCCCTCTACAAATAATTTTGTTTAACTTTAAGAAGGAGATATACATATGGCATCATACCCTTGTCACCAGCACGCATCTGCCTTCGATCAGGCCGCCCGCTCACGCGGCCACTCAAACCGTCGCACAGCCCTTCGCCCGCGCCGTCAACAGGAGGCTACTGAGGTTCGCCTTGAGCAAAAGATGCCCACGCTTCTTCGCGTATACATTGATGGACCGCATGGGATGGGGAAAACGACGACGACTCAACTTCTGGTAGCCCTTGGAAGCCGTGATGATATCGTTTATGTCCCTGAACCGTTGACGTATTGGCAAGTATTAGGGGCAAGTGAAACCATTGCCAACATTTACACCACGCAGCATCGTTTAGACCAGGGGGAAATCTCTGCAGGTGATGCTGCCGTTGTGATGACTAGCGCCCAGATCACCATGGGAATGCCGTACGCGGTGACTGACGCGGTTTTGGCCCCCCATATCGGGGGTGAGGCTGGCTCATCCCATGCTCCCCCTCCCGCGCTGACCTTGATCTTTGATCGCCACCCAATCGCCGCACTGCTTTGCTACCCCGCGGCGCGTTACCTGATGGGATCTATGACTCCACAAGCGGTACTTGCGTTTGTCGCGCTTATCCCCCCTACCCTGCCGGGGACGAACATTGTCTTGGGAGCTCTTCCGGAAGATCGTCATATCGATCGCCTTGCAAAACGTCAACGTCCAGGAGAACGCCTTGATCTGGCTATGTTGGCGGCGATTCGCCGTAGAGACGGCTT
HBG_GGGATAAT.1;HBG_GGGATAAT.1.3_L0_2;1_A08_set9;5;AATGCGTCTCACCGTGTATATGGGTTACTTGCTAACACCGTCCGTTACTTGCAGGGTGGAGGGAGTTGGCGTGAGGATTGGGGCCAACTTTCCGGCACCGCAGTACCGCCACAAGGTGCTGAACCGCAGTCCAATGCCGGTCCACGTCCCCACATCGGTGATACTTTATTCACGTTGTTCCGTGCGCCCGAGCTTTTGGCGCCAAATGGAGATCTTTATAACGTGTTCGCCTGGGCGTTAGACGTCTTGGCGAAACGCCTTCGTCCCATGCATGTTTTCATCTTAGATTATGACCAGAGCCCTGCTGGATGTCGTGACGCACTGCTGCAACTTACATCGGGTATGGTACAGACACATGTCACAACCCCAGGTAGTATCCCCACCATTTGTGATTTGGCGCGTACCTTTGCGCGTGAAATGGGGGAGGCAAATTGAGAATTTGTTTAACTTTAAGAAGGAGATATACATATGGCCAAACTTACAAGTGCAGTTCCGGTCTTGACAGCCCGCGATGTCGCGGGGGCGGTAGAGTTTTGGACTGACCGTTTAGGGTTTTCTCGCGACTTCGTCGAGGATGACTTCGCGGGTGTCGTTCGCGATGATGTCACTCTTTTCATCAGTGCTGTACAGGATCAGGTAGTACCGGATAACACACTGGCCTGGGTATGGGTCCGTGGGTTGGATGAGCTTTATGCCGAGTGGTCAGAAGTAGTTTCAACGAACTTTCGTGATGCAAGTGGTCCGGCAATGACGGAGATTGGGGAGCAGCCTTGGGGTCGTGAATTTGCGCTGCGCGACCCGGCTGGTAATTGCGTCCATTTCGAGAGACGGCTT
HBG_GGGATAAT.1;HBG_GGGATAAT.1.3_L0_3;1_A09_set10;5;AATGCGTCTCATTCGTGGCGGAAGAACAGGATTGAGAATTTGTTTAACTTTAAGAAGGAGATATACATATGCGTAAAGGCGAAGAGCTGTTCACTGGTGTCGTCCCTATTCTGGTGGAACTGGATGGTGATGTCAACGGTCATAAGTTTTCCGTGCGTGGCGAGGGTGAAGGTGACGCAACTAATGGTAAACTGACGCTGAAGTTCATCTGTACTACTGGTAAACTGCCAGTACCTTGGCCGACTCTGGTAACGACGCTGACTTATGGTGTTCAGTGCTTTGCTCGTTATCCGGACCACATGAAGCAGCATGACTTCTTCAAGTCCGCCATGCCGGAAGGCTATGTGCAGGAACGCACGATTTCATTTAAGGATGACGGCACGTACAAAACGCGTGCGGAAGTGAAATTTGAAGGCGATACCCTGGTAAACCGCATTGAGCTGAAAGGCATTGACTTTAAAGAAGACGGCAATATCCTGGGCCATAAGCTGGAATACAATTTTAACAGCCACAATGTTTACATCACCGCCGATAAACAAAAAAATGGCATTAAAGCGAATTTCAAAATTCGCCACAACGTGGAGGATGGCAGCGTGCAGCTGGCTGATCACTACCAGCAAAACACTCCAATCGGTGATGGTCCTGTTCTGCTGCCAGACAATCACTATCTGAGCACGCAAAGCGTTCTGTCTAAAGATCCGAACGAGAAACGCGATCACATGGTTCTGCTGGAGTTCGTAACCGCAGCGGGCATCACGCACGGTATGGATGAACTGTACAAATGAGAACTCTTGTTCAGAACGCTCGGTGCTTAGAGACGGCTT
HBG_GGGATAAT.1;HBG_GGGATAAT.1.4_L0_1;1_A10_set11;5;AATGCGTCTCAAATGCGAAATTAATACGACTCACTATAGGGATAATACAACGGTTTCCCTCTACAAATAATTTTGTTTAACTTTAAGAAGGAGATATACATATGGCATCATACCCTTGTCACCAGCACGCATCTGCCTTCGATCAGGCCGCCCGCTCACGCGGCCACTCAAACCGTCGCACAGCCCTTCGCCCGCGCCGTCAACAGGAGGCTACTGAGGTTCGCCTTGAGCAAAAGATGCCCACGCTTCTTCGCGTATACATTGATGGACCGCATGGGATGGGGAAAACGACGACGACTCAACTTCTGGTAGCCCTTGGAAGCCGTGATGATATCGTTTATGTCCCTGAACCGTTGACGTATTGGCAAGTATTAGGGGCAAGTGAAACCATTGCCAACATTTACACCACGCAGCATCGTTTAGACCAGGGGGAAATCTCTGCAGGTGATGCTGCCGTTGTGATGACTAGCGCCCAGATCACCATGGGAATGCCGTACGCGGTGACTGACGCGGTTTTGGCCCCCCATATCGGGGGTGAGGCTGGCTCATCCCATGCTCCCCCTCCCGCGCTGACCTTGATCTTTGATCGCCACCCAATCGCCGCACTGCTTTGCTACCCCGCGGCGCGTTACCTGATGGGATCTATGACTCCACAAGCGGTACTTGCGTTTGTCGCGCTTATCCCCCCTACCCTGCCGGGGACGAACATTGTCTTGGGAGCTCTTCCGGAAGATCGTCATATCGATCGCCTTGCAAAACGTCAACGTCCAGGAGAACGCCTTGATCTGGCTATGTTGGCGGCGATTCGCCGTAGAGACGGCTT
HBG_GGGATAAT.1;HBG_GGGATAAT.1.4_L0_2;1_A11_set12;5;AATGCGTCTCACCGTGTATATGGGTTACTTGCTAACACCGTCCGTTACTTGCAGGGTGGAGGGAGTTGGCGTGAGGATTGGGGCCAACTTTCCGGCACCGCAGTACCGCCACAAGGTGCTGAACCGCAGTCCAATGCCGGTCCACGTCCCCACATCGGTGATACTTTATTCACGTTGTTCCGTGCGCCCGAGCTTTTGGCGCCAAATGGAGATCTTTATAACGTGTTCGCCTGGGCGTTAGACGTCTTGGCGAAACGCCTTCGTCCCATGCATGTTTTCATCTTAGATTATGACCAGAGCCCTGCTGGATGTCGTGACGCACTGCTGCAACTTACATCGGGTATGGTACAGACACATGTCACAACCCCAGGTAGTATCCCCACCATTTGTGATTTGGCGCGTACCTTTGCGCGTGAAATGGGGGAGGCAAATTGAGAATTTGTTTAACTTTAAGAAGGAGATATACATATGGCCAAACTTACAAGTGCAGTTCCGGTCTTGACAGCCCGCGATGTCGCGGGGGCGGTAGAGTTTTGGACTGACCGTTTAGGGTTTTCTCGCGACTTCGTCGAGGATGACTTCGCGGGTGTCGTTCGCGATGATGTCACTCTTTTCATCAGTGCTGTACAGGATCAGGTAGTACCGGATAACACACTGGCCTGGGTATGGGTCCGTGGGTTGGATGAGCTTTATGCCGAGTGGTCAGAAGTAGTTTCAACGAACTTTCGTGATGCAAGTGGTCCGGCAATGACGGAGATTGGGGAGCAGCCTTGGGGTCGTGAATTTGCGCTGCGCGACCCGGCTGGTAATTGCGTCCATTTCGAGAGACGGCTT
HBG_GGGATAAT.1;HBG_GGGATAAT.1.4_L0_3;1_A12_set13;5;AATGCGTCTCATTCGTGGCGGAAGAACAGGATTGAGAATTTGTTTAACTTTAAGAAGGAGATATACATATGCGTAAAGGCGAAGAGCTGTTCACTGGTGTCGTCCCTATTCTGGTGGAACTGGATGGTGATGTCAACGGTCATAAGTTTTCCGTGCGTGGCGAGGGTGAAGGTGACGCAACTAATGGTAAACTGACGCTGAAGTTCATCTGTACTACTGGTAAACTGCCAGTACCTTGGCCGACTCTGGTAACGACGCTGACTTATGGTGTTCAGTGCTTTGCTCGTTATCCGGACCACATGAAGCAGCATGACTTCTTCAAGTCCGCCATGCCGGAAGGCTATGTGCAGGAACGCACGATTTCATTTAAGGATGACGGCACGTACAAAACGCGTGCGGAAGTGAAATTTGAAGGCGATACCCTGGTAAACCGCATTGAGCTGAAAGGCATTGACTTTAAAGAAGACGGCAATATCCTGGGCCATAAGCTGGAATACAATTTTAACAGCCACAATGTTTACATCACCGCCGATAAACAAAAAAATGGCATTAAAGCGAATTTCAAAATTCGCCACAACGTGGAGGATGGCAGCGTGCAGCTGGCTGATCACTACCAGCAAAACACTCCAATCGGTGATGGTCCTGTTCTGCTGCCAGACAATCACTATCTGAGCACGCAAAGCGTTCTGTCTAAAGATCCGAACGAGAAACGCGATCACATGGTTCTGCTGGAGTTCGTAACCGCAGCGGGCATCACGCACGGTATGGATGAACTGTACAAATGAGAACTCTTGTTCAGAACGCTCGGTGCTTAGAGACGGCTT
